<?xml version="1.0"?><Report><ReportQuery><Format><ReportTitle>Malipo ya wazee</ReportTitle><ReportDescription></ReportDescription><PageSize>.DEFAULT</PageSize><PageOrientation>.DEFAULT</PageOrientation><TopMargin></TopMargin><BottomMargin></BottomMargin><RightMargin></RightMargin><LeftMargin></LeftMargin><pdfFont></pdfFont><pdfFontSize></pdfFontSize><PreExecuteCode>NONE</PreExecuteCode><formBetweenRows>solidline</formBetweenRows><gridDisplay>.DEFAULT</gridDisplay><gridSortable>.DEFAULT</gridSortable><gridSearchable>.DEFAULT</gridSearchable><gridPageable>.DEFAULT</gridPageable><gridPageSize>.DEFAULT</gridPageSize></Format><Datasource><SourceType>database</SourceType><SourceConnection><DatabaseType>mysql</DatabaseType><DatabaseName></DatabaseName><HostName></HostName><ServiceName></ServiceName><UserName></UserName><Password></Password></SourceConnection></Datasource><EntryForm><Query><TableSql></TableSql><WhereSql></WhereSql><GroupSql></GroupSql><RowSelection>all</RowSelection><SQL><QuerySql></QuerySql><SQLRaw>select a.majina_mwanzo,a.jina_babu,a.majina_mwanzo,b.tarehe_kulipwa,sum(b.kiasi)  column5 from tbl_malipo b,tbl_mzee a where a.id=b.mzee_id group by b.tarehe_kulipwa</SQLRaw></SQL><QueryColumns><QueryColumn><Name>majina_mwanzo</Name><TableName>a</TableName><ColumnName>majina_mwanzo</ColumnName><ColumnType>char</ColumnType><ColumnLength>30</ColumnLength><Format><column_display>show</column_display><content_type>plain</content_type><ColumnStartPDF></ColumnStartPDF><justify>left</justify><ColumnWidthPDF></ColumnWidthPDF><ColumnWidthHTML></ColumnWidthHTML><column_title></column_title><tooltip></tooltip><group_header_label>0</group_header_label><group_header_label_xpos></group_header_label_xpos><group_header_data_xpos></group_header_data_xpos><group_trailer_label>0</group_trailer_label></Format></QueryColumn><QueryColumn><Name>tarehe_kulipwa</Name><TableName>b</TableName><ColumnName>tarehe_kulipwa</ColumnName><ColumnType>char</ColumnType><ColumnLength>30</ColumnLength><Format><column_display>show</column_display><content_type>plain</content_type><ColumnStartPDF></ColumnStartPDF><justify>left</justify><ColumnWidthPDF></ColumnWidthPDF><ColumnWidthHTML></ColumnWidthHTML><column_title></column_title><tooltip></tooltip><group_header_label>0</group_header_label><group_header_label_xpos></group_header_label_xpos><group_header_data_xpos></group_header_data_xpos><group_trailer_label>0</group_trailer_label></Format></QueryColumn><QueryColumn><Name>jina_babu</Name><TableName>a</TableName><ColumnName>jina_babu</ColumnName><ColumnType>char</ColumnType><ColumnLength>30</ColumnLength><Format><column_display>show</column_display><content_type>plain</content_type><ColumnStartPDF></ColumnStartPDF><justify>left</justify><ColumnWidthPDF></ColumnWidthPDF><ColumnWidthHTML></ColumnWidthHTML><column_title></column_title><tooltip></tooltip><group_header_label>0</group_header_label><group_header_label_xpos></group_header_label_xpos><group_header_data_xpos></group_header_data_xpos><group_trailer_label>0</group_trailer_label></Format></QueryColumn><QueryColumn><Name></Name><TableName></TableName><ColumnName></ColumnName><ColumnType>char</ColumnType><ColumnLength>30</ColumnLength><Format><column_display>show</column_display><content_type>plain</content_type><ColumnStartPDF></ColumnStartPDF><justify>left</justify><ColumnWidthPDF></ColumnWidthPDF><ColumnWidthHTML></ColumnWidthHTML><column_title></column_title><tooltip></tooltip><group_header_label>0</group_header_label><group_header_label_xpos></group_header_label_xpos><group_header_data_xpos></group_header_data_xpos><group_trailer_label>0</group_trailer_label></Format></QueryColumn><QueryColumn><Name>column5</Name><TableName></TableName><ColumnName>sum(b.kiasi) </ColumnName><ColumnType>char</ColumnType><ColumnLength>30</ColumnLength><Format><column_display>show</column_display><content_type>plain</content_type><ColumnStartPDF></ColumnStartPDF><justify>left</justify><ColumnWidthPDF></ColumnWidthPDF><ColumnWidthHTML></ColumnWidthHTML><column_title></column_title><tooltip></tooltip><group_header_label>0</group_header_label><group_header_label_xpos></group_header_label_xpos><group_header_data_xpos></group_header_data_xpos><group_trailer_label>0</group_trailer_label></Format></QueryColumn></QueryColumns><OrderColumns></OrderColumns><PreSQLS></PreSQLS></Query><Assignments></Assignments><Criteria><CriteriaItem><Name>date</Name><Title>Tarehe ya Malipo</Title><QueryTableName></QueryTableName><QueryColumnName>tarehe_kulipwa</QueryColumnName><CriteriaType>DATERANGE</CriteriaType><CriteriaHelp></CriteriaHelp><CriteriaDisplay>NOINPUT</CriteriaDisplay><ExpandDisplay>NOINPUT</ExpandDisplay><CriteriaRequired>.DEFAULT</CriteriaRequired><CriteriaHidden>.DEFAULT</CriteriaHidden><CriteriaDisplayGroup></CriteriaDisplayGroup><ReturnColumn></ReturnColumn><DisplayColumn></DisplayColumn><OverviewColumn></OverviewColumn><MatchColumn></MatchColumn><CriteriaDefaults></CriteriaDefaults><CriteriaList></CriteriaList><Query><TableSql></TableSql><WhereSql></WhereSql><GroupSql></GroupSql><RowSelection></RowSelection><SQLRaw></SQLRaw><SQL><QuerySql></QuerySql></SQL><QueryColumns></QueryColumns><OrderColumns></OrderColumns><Assignments></Assignments></Query><CriteriaLinks></CriteriaLinks></CriteriaItem></Criteria><Output><PageHeaders><PageHeader><LineNumber>1</LineNumber><HeaderText>RIPOTI YA MALIPO YA WAZEE</HeaderText><Format><ColumnStartPDF></ColumnStartPDF><justify>left</justify><ColumnWidthPDF></ColumnWidthPDF><ShowInPDF>yes</ShowInPDF><ShowInHTML>no</ShowInHTML></Format></PageHeader></PageHeaders><PageFooters><PageFooter><LineNumber>1</LineNumber><FooterText>ZUPS ripoti</FooterText><Format><ColumnStartPDF></ColumnStartPDF><justify>center</justify><ColumnWidthPDF></ColumnWidthPDF><ShowInPDF>yes</ShowInPDF><ShowInHTML>no</ShowInHTML></Format></PageFooter></PageFooters><DisplayOrders><DisplayOrder><ColumnName>majina_mwanzo</ColumnName><OrderNumber>1</OrderNumber></DisplayOrder><DisplayOrder><ColumnName>jina_babu</ColumnName><OrderNumber>2</OrderNumber></DisplayOrder><DisplayOrder><ColumnName>tarehe_kulipwa</ColumnName><OrderNumber>3</OrderNumber></DisplayOrder><DisplayOrder><ColumnName></ColumnName><OrderNumber>4</OrderNumber></DisplayOrder><DisplayOrder><ColumnName>column5</ColumnName><OrderNumber>5</OrderNumber></DisplayOrder></DisplayOrders><Groups><Group><GroupName>REPORT_BODY</GroupName><BeforeGroupHeader>blankline</BeforeGroupHeader><AfterGroupHeader>blankline</AfterGroupHeader><BeforeGroupTrailer>blankline</BeforeGroupTrailer><AfterGroupTrailer>blankline</AfterGroupTrailer><GroupHeaders><GroupHeader><GroupHeaderColumn>tarehe_kulipwa</GroupHeaderColumn><GroupHeaderCustom>Malipo ya wazee</GroupHeaderCustom><ShowInHTML>yes</ShowInHTML><ShowInPDF>yes</ShowInPDF></GroupHeader></GroupHeaders><GroupTrailers></GroupTrailers></Group></Groups><Graphs><Graph><GraphColumn>REPORT_BODY</GraphColumn><GraphColor>.DEFAULT</GraphColor><Title>Malipo ya wazee</Title><GraphWidth>.DEFAULT</GraphWidth><GraphHeight>.DEFAULT</GraphHeight><GraphWidthPDF>.DEFAULT</GraphWidthPDF><GraphHeightPDF>.DEFAULT</GraphHeightPDF><XTitle>Tarehe</XTitle><YTitle>Kiasi</YTitle><GridPosition>.DEFAULT</GridPosition><XGridDisplay>.DEFAULT</XGridDisplay><XGridColor>.DEFAULT</XGridColor><YGridDisplay>.DEFAULT</YGridDisplay><YGridColor>.DEFAULT</YGridColor><XLabelColumn>tarehe_kulipwa</XLabelColumn><TitleFont>.DEFAULT</TitleFont><TitleFontStyle>.DEFAULT</TitleFontStyle><TitleFontSize>.DEFAULT</TitleFontSize><TitleColor>.DEFAULT</TitleColor><XTitleFont>.DEFAULT</XTitleFont><XTitleFontStyle>.DEFAULT</XTitleFontStyle><XTitleFontSize>.DEFAULT</XTitleFontSize><XTitleColor>.DEFAULT</XTitleColor><YTitleFont>.DEFAULT</YTitleFont><YTitleFontStyle>.DEFAULT</YTitleFontStyle><YTitleFontSize>.DEFAULT</YTitleFontSize><YTitleColor>.DEFAULT</YTitleColor><XAxisColor>.DEFAULT</XAxisColor><XAxisFont>.DEFAULT</XAxisFont><XAxisFontStyle>.DEFAULT</XAxisFontStyle><XAxisFontSize>.DEFAULT</XAxisFontSize><XAxisFontColor>.DEFAULT</XAxisFontColor><YAxisColor>.DEFAULT</YAxisColor><YAxisFont>.DEFAULT</YAxisFont><YAxisFontStyle>.DEFAULT</YAxisFontStyle><YAxisFontSize>.DEFAULT</YAxisFontSize><YAxisFontColor>.DEFAULT</YAxisFontColor><XTickInterval>.DEFAULT</XTickInterval><YTickInterval>.DEFAULT</YTickInterval><XTickLabelInterval>.DEFAULT</XTickLabelInterval><YTickLabelInterval>.DEFAULT</YTickLabelInterval><MarginColor>.DEFAULT</MarginColor><MarginLeft>.DEFAULT</MarginLeft><MarginRight>.DEFAULT</MarginRight><MarginTop>.DEFAULT</MarginTop><MarginBottom>.DEFAULT</MarginBottom><Plots><Plot><PlotColumn>column5</PlotColumn><PlotType>BAR</PlotType><LineColor>#3c8dbc</LineColor><DataType>number</DataType><Legend></Legend><FillColor></FillColor></Plot></Plots></Graph></Graphs></Output></EntryForm></ReportQuery></Report>